
--
-- Dumping data for table `serie`
--

LOCK TABLES `serie` WRITE;
INSERT INTO `serie` (`id`,`name`,`picture_url`,`description`) VALUES (1,'Game of Thrones','/pictures/GoT.jpg','Die Serie Game of Thrones basiert auf der Fantasy-Reihe „Das Lied von Eis und Feuer“ von George R.R. Martin. Die erste Staffel ist Bestandteil des ersten Buchs der Reihe und spielt im mittelalterlichen Westeros. König Robert Baratheon ist der Herrscher über die sieben Königreiche und Inhaber des eisernen Throns. Doch sein Reich befindet sich in Aufruhr. Sein Vertrauter Jon Arryn - die Hand des Königs - ist tot und es sieht nach Mord aus. Robert holt somit seinen besten Freund Sir Eddard Stark (Sean Bean) an den Königshof. „Ned“ Stark ist der Herrscher der Festung Winterfell und Beschützer des Nordens, der nur unwillig an den Intrigen reichen Hof in King\'s Landing gerufen wird. Dort beginnt das Spiel um die verschiedenen Throne des Landes.');
INSERT INTO `serie` (`id`,`name`,`picture_url`,`description`) VALUES (2,'Blindspot','/pictures/Blindspot.jpg','Eine unbekannte Frau ohne Erinnerungen – Jane Doe (Jaimie Alexander) – entsteigt auf dem belebten Times Square in New York City nackt einem Dufflebag. Auf ihrem Körper findet sich ein großflächiges Tattoo. Darin finden Experten bald einen verwirrenden Hinweis: Den Namen Kurt Weller, der einem FBI Agenten gehört (gespielt von Sullivan Stapleton). Ebenfalls bald offensichtlich wird, dass jedes Teil des Tattoos auf ein Verbrechen hinweist, das zu lösen ist. So machen sich Jane und das FBI an die Aufklärung und auf die Suche nach einer Auflösung von Janes rätselhafter Herkunft – und damit mitten hinein in eine großangelegte, internationale Verschwörung.');
INSERT INTO `serie` (`id`,`name`,`picture_url`,`description`) VALUES (3,'Mr. Robot','/pictures/Mr.Robot.jpg','„Mr. Robot“ ist ein Hacker-Thriller rund um den Computerexperten Elliot. Tagsüber ist er ein Cyber-Security-Ingenieur, nachts ein Hacker. Eine im Untergrund operierende Gruppe rekrutiert ihn, um die Firma zu zerstören, die ihn bezahlt.\nIm Mittelpunkt von „Mr. Robot“ steht der junge Computerprogrammierer Elliot, der unter stark ausgeprägten sozialen Ängsten leidet und deshalb kaum „normale“ Beziehungen eingehen kann. Stattdessen hackt er sich in das Leben von Leuten, um so an deren Alltag teilzuhaben und wird dabei auch zu einer Art Schutzengel für sie. Auf Grund seiner ausgeprägten Fähigkeiten hat er einen Job bei der Computer-Sicherheitsfirma AllSafe Cyber Security erhalten, wird jedoch von dem geheimnisvollen Anarchisten Mr. Robot für dessen Hacker-Gruppe angeworben.');
INSERT INTO `serie` (`id`,`name`,`picture_url`,`description`) VALUES (4,'Outlander','/pictures/Outlander.jpg','Nach ihrem Einsatz als Krankenschwester im Zweiten Weltkrieg macht Claire Randall (Caitriona Balfe) mit ihrem Ehemann Frank (Tobias Menzies) eine Reise in die schottischen Highlands. Dort befördert sie ein magischer Steinkreis 200 Jahre in die Vergangenheit, wo sie Jamie Fraser (Sam Heughan) kennenlernt. Die Umstände ermöglichen es ihr nicht, in ihre Zeit zurückzureisen. Sie wird fast vergewaltigt, verfolgt, gekidnappt und auf Burg Leoch, dem Sitz des MacKenzie-Clans festgehalten. Um Claire vor dem brutalen englischen Hauptmann Blackjack Randall zu schützen, wird sie auch noch zwangsverheiratet … ');
INSERT INTO `serie` (`id`,`name`,`picture_url`,`description`) VALUES (5,'The Witcher','/pictures/Witcher.jpg','Sapkowskis achtteilige Romanreihe der „Witcher Saga“ dreht sich um Witchers, also Jäger, die in jungen Jahren übernatürliche Fähigkeiten entwickelt haben, um böse und gefährliche Monster zu jagen. Geralt von Riva erwacht bei Netflix zum Leben. Die Serienadaption von The Witcher basiert wie schon die Computer-Rollenspielreihe auf der Fantasysaga des polnischen Schriftstellers Andrzej Sapkowski.');
INSERT INTO `serie` (`id`,`name`,`picture_url`,`description`) VALUES (6,'The Walking Dead','/pictures/TheWalkingDead.jpg','Die US-Serie The Walking Dead ist eine Adaption der gleichnamigen Comicbuchreihe von Robert Kirkman. Darin geht es um eine Gruppe von Menschen, die nach der Apokalypse als letzte Überlebende in einer Welt bestehen muss, die von Zombies bevölkert wird. Im Mittelpunkt der Serie steht der Polizist Rick Grimes, der für sich und seine Mitstreiter eine dauerhafte sichere Zuflucht sucht und die zerstörte Gesellschaft neu aufbauen möchte.');
INSERT INTO `serie` (`id`,`name`,`picture_url`,`description`) VALUES (7,'Grey’s Anatomy','/pictures/GreysAnatomy.jpg','Meredith Greys (Ellen Pompeo) erster Tag als Ärztin im Praktikum am „Seattle Grace Hospital“ beginnt chaotisch. Nicht nur, dass der Mann, den sie am Abend zuvor kennengelernt hat und neben dem sie am Morgen aufgewacht ist, sich als ihr Chef Dr. Derek Shepherd (Patrick Dempsey) herausstellt, zu allem Überfluss sind ihre Kolleginnen und Kollegen im Praktikum genauso ahnungslos wie sie. Zwischen Beinahe-Zusammenbrüchen und Erfolgserlebnissen schlagen sich Meredith und ihre Kollegen, Cristina Yang (Sandra Oh), George O’Malley (T. R. Knight), Izzie Stevens (Katherine Heigl) und Alex Karev (Justin Chambers), durch den Klinikalltag mit dem Ziel den Tag zu überstehen, ohne einen Patienten umzubringen. Die Ausbildung der jungen Assistenzärzte wird zunächst der Abteilungsärztin Dr. Miranda Bailey zugewiesen.');
INSERT INTO `serie` (`id`,`name`,`picture_url`,`description`) VALUES (8,'Marvel’s Agents of S.H.I.E.L.D.','/pictures/Shield.jpg','Clark Gregg schlüpft nach dem Kinoerfolg „The Avengers“ erneut in seine Rolle als Agent Phil Coulson, der zusammen mit einer auserwählten kleinen Gruppe als Strafverfolgungs-Organisation S.H.I.E.L.D. den Kampf gegen das Böse aufnimmt. Die Serie schließt an den Kinofilm an und beginnt nach dem Angriff auf New York, der die Existenz von Superhelden und Außerirdischen unter Beweis gestellt hat. Nachdem Agent Coulson scheinbar durch Loki ermordet wurde, kehrt er zu S.H.I.E.L.D. zurück, um ein neues Team zusammenzustellen. Die Aufgabe der geheimen Einheit besteht darin, übernatürliche Bedrohungen auf der Erde zu untersuchen und die Menschen zu schützen.');
INSERT INTO `serie` (`id`,`name`,`picture_url`,`description`) VALUES (9,'New Amsterdam','/pictures/NewAmsterdam.jpg','Die Krankenhausserie basiert auf den Memoiren von Dr. Eric Manheimer, einem früheren Chefarzt des bekannten Bellevue-Krankenhauses in New York City. Es handelt sich um das älteste öffentliche Krankenhaus Amerikas. Die Hauptfigur der Serie ist der neue Boss des Krankenhauses, Dr. Max Goodwin (gespielt von „The Blacklist“-Veteran Ryan Eggold). Sein Führungsstil rüttelt den Status Quo auf, er kämpft gegen Bürokratie und stellt stets die Pflege der Patienten in den Mittelpunkt. Er lässt sich von keinen Widerständen seiner Mitarbeiter beirren und will das unterbesetzte, unterfinanzierte und unterschätze Krankenhaus aufmöbeln – schließlich handelt es sich um das einzige Krankenhaus der Welt, in dem Ebola-Patienten, Häftlinge von Rikers Island und der Präsident der Vereinigten Staaten unter dem gleichen Dach behandelt werden können.');
INSERT INTO `serie` (`id`,`name`,`picture_url`,`description`) VALUES (10,'The Gifted','/pictures/TheGifted.jpg','Das Vorstadtehepaar Reed (Stephen Moyer) und Kate (Amy Acker) hat sich gerade getrennt, als sie feststellen, dass ihre beiden Kinder im Teenager-Alter übernatürliche Kräfte haben. Allerdings ist die Regierung der USA solchen außergewöhnlich begabten Menschen gegenüber feindlich gesinnt, so dass die Familie gezwungen ist, in den Untergrund zu gehen und sich einem Netzwerk von anderen Flüchtlingen vor der Regierung anzuschließen.');
UNLOCK TABLES;




--
-- Dumping data for table `user`
--

LOCK TABLES `user` WRITE;
INSERT INTO `user` (`id`, `name`) VALUES (1,'Susi Smart');
INSERT INTO `user` (`id`, `name`) VALUES (2,'Daniel Desktop');
INSERT INTO `user` (`id`, `name`) VALUES (3,'Frank');
INSERT INTO `user` (`id`, `name`) VALUES (4,'Metje');
INSERT INTO `user` (`id`, `name`) VALUES (5,'Ralf');
UNLOCK TABLES;


--
-- Dumping data for table `season`
--

-- Game of Thrones
INSERT INTO `season` (`id`, `serie_id`, `season_nr`) VALUES (1,1,1);
INSERT INTO `season` (`id`, `serie_id`, `season_nr`) VALUES (2,1,2);
INSERT INTO `season` (`id`, `serie_id`, `season_nr`) VALUES (3,1,3);
INSERT INTO `season` (`id`, `serie_id`, `season_nr`) VALUES (4,1,4);
INSERT INTO `season` (`id`, `serie_id`, `season_nr`) VALUES (5,1,5);
INSERT INTO `season` (`id`, `serie_id`, `season_nr`) VALUES (6,1,6);
INSERT INTO `season` (`id`, `serie_id`, `season_nr`) VALUES (7,1,7);
INSERT INTO `season` (`id`, `serie_id`, `season_nr`) VALUES (8,1,8);
-- Blindspot
INSERT INTO `season` (`id`, `serie_id`, `season_nr`) VALUES (9,2,1);
INSERT INTO `season` (`id`, `serie_id`, `season_nr`) VALUES (10,2,2);
INSERT INTO `season` (`id`, `serie_id`, `season_nr`) VALUES (11,2,3);
INSERT INTO `season` (`id`, `serie_id`, `season_nr`) VALUES (12,2,4);
-- Mr. Robot
INSERT INTO `season` (`id`, `serie_id`, `season_nr`) VALUES (13,3,1);
INSERT INTO `season` (`id`, `serie_id`, `season_nr`) VALUES (14,3,2);
INSERT INTO `season` (`id`, `serie_id`, `season_nr`) VALUES (15,3,3);
-- Outlander
INSERT INTO `season` (`id`, `serie_id`, `season_nr`) VALUES (16,4,1);
INSERT INTO `season` (`id`, `serie_id`, `season_nr`) VALUES (17,4,2);
INSERT INTO `season` (`id`, `serie_id`, `season_nr`) VALUES (18,4,3);
INSERT INTO `season` (`id`, `serie_id`, `season_nr`) VALUES (19,4,4);
-- The Witcher
INSERT INTO `season` (`id`, `serie_id`, `season_nr`) VALUES (20,5,1);
-- The Walking Dead
INSERT INTO `season` (`id`, `serie_id`, `season_nr`) VALUES (21,6,1);
INSERT INTO `season` (`id`, `serie_id`, `season_nr`) VALUES (22,6,2);
INSERT INTO `season` (`id`, `serie_id`, `season_nr`) VALUES (23,6,3);
INSERT INTO `season` (`id`, `serie_id`, `season_nr`) VALUES (24,6,4);
INSERT INTO `season` (`id`, `serie_id`, `season_nr`) VALUES (25,6,5);
INSERT INTO `season` (`id`, `serie_id`, `season_nr`) VALUES (26,6,6);
INSERT INTO `season` (`id`, `serie_id`, `season_nr`) VALUES (27,6,7);
INSERT INTO `season` (`id`, `serie_id`, `season_nr`) VALUES (28,6,8);
INSERT INTO `season` (`id`, `serie_id`, `season_nr`) VALUES (29,6,9);
INSERT INTO `season` (`id`, `serie_id`, `season_nr`) VALUES (30,6,10);
-- Grey's Anatomy
-- New Amsterdam
-- The Gifted
-- The Simpsons


--
-- Dumping data for table `episode`
--

-- Game of Thrones, Staffel 1
INSERT INTO `episode` (`id`,`season_id`,`episode_nr`,`name`) VALUES (1,1,1,'Der Winter naht');
INSERT INTO `episode` (`id`,`season_id`,`episode_nr`,`name`) VALUES (2,1,2,'Der Königsweg');
INSERT INTO `episode` (`id`,`season_id`,`episode_nr`,`name`) VALUES (3,1,3,'Lord Schnee');
INSERT INTO `episode` (`id`,`season_id`,`episode_nr`,`name`) VALUES (4,1,4,'Krüppel, Bastarde und Zerbrochenes');
INSERT INTO `episode` (`id`,`season_id`,`episode_nr`,`name`) VALUES (5,1,5,'Der Wolf und der Löwe');
INSERT INTO `episode` (`id`,`season_id`,`episode_nr`,`name`) VALUES (6,1,6,'Eine goldene Krone');
INSERT INTO `episode` (`id`,`season_id`,`episode_nr`,`name`) VALUES (7,1,7,'Gewinn oder stirb');
INSERT INTO `episode` (`id`,`season_id`,`episode_nr`,`name`) VALUES (8,1,8,'Das spitze Ende');
INSERT INTO `episode` (`id`,`season_id`,`episode_nr`,`name`) VALUES (9,1,9,'Baelor');
INSERT INTO `episode` (`id`,`season_id`,`episode_nr`,`name`) VALUES (10,1,10,'Feuer und Blut');
-- Game of Thrones, Staffel 2
INSERT INTO `episode` (`id`,`season_id`,`episode_nr`,`name`) VALUES (11,2,1,'Der Norden vergisst nicht');
INSERT INTO `episode` (`id`,`season_id`,`episode_nr`,`name`) VALUES (12,2,2,'Die Nachtlande');
INSERT INTO `episode` (`id`,`season_id`,`episode_nr`,`name`) VALUES (13,2,3,'Was tot ist, kann niemals sterben');
INSERT INTO `episode` (`id`,`season_id`,`episode_nr`,`name`) VALUES (14,2,4,'Der Garten der Knochen');
INSERT INTO `episode` (`id`,`season_id`,`episode_nr`,`name`) VALUES (15,2,5,'Der Geist von Harrenhal');
INSERT INTO `episode` (`id`,`season_id`,`episode_nr`,`name`) VALUES (16,2,6,'Alte und neue Götter');
INSERT INTO `episode` (`id`,`season_id`,`episode_nr`,`name`) VALUES (17,2,7,'Ein Mann ohne Ehre');
INSERT INTO `episode` (`id`,`season_id`,`episode_nr`,`name`) VALUES (18,2,8,'Der Prinz von Winterfell');
INSERT INTO `episode` (`id`,`season_id`,`episode_nr`,`name`) VALUES (19,2,9,'Schwarzwasser');
INSERT INTO `episode` (`id`,`season_id`,`episode_nr`,`name`) VALUES (20,2,10,'Valar Morghulis');
-- Game of Thrones, Staffel 3
INSERT INTO `episode` (`id`,`season_id`,`episode_nr`,`name`) VALUES (21,3,1,'Valar Dohaeris');
INSERT INTO `episode` (`id`,`season_id`,`episode_nr`,`name`) VALUES (22,3,2,'Dunkle Schwingen, Dunkle Worte');
INSERT INTO `episode` (`id`,`season_id`,`episode_nr`,`name`) VALUES (23,3,3,'Der Weg der Züchtigung');
INSERT INTO `episode` (`id`,`season_id`,`episode_nr`,`name`) VALUES (24,3,4,'Und jetzt ist seine Wache zu Ende');
INSERT INTO `episode` (`id`,`season_id`,`episode_nr`,`name`) VALUES (25,3,5,'Vom Feuer geküsst');
INSERT INTO `episode` (`id`,`season_id`,`episode_nr`,`name`) VALUES (26,3,6,'Der Aufstieg');
INSERT INTO `episode` (`id`,`season_id`,`episode_nr`,`name`) VALUES (27,3,7,'Der Bär und die Jungfrau Hehr');
INSERT INTO `episode` (`id`,`season_id`,`episode_nr`,`name`) VALUES (28,3,8,'Die Zweitgeborenen');
INSERT INTO `episode` (`id`,`season_id`,`episode_nr`,`name`) VALUES (29,3,9,'Der Regen von Castamere');
INSERT INTO `episode` (`id`,`season_id`,`episode_nr`,`name`) VALUES (30,3,10,'Mhysa');
-- Game of Thrones, Staffel 4
INSERT INTO `episode` (`id`,`season_id`,`episode_nr`,`name`) VALUES (31,4,1,'Zwei Schwerter');
INSERT INTO `episode` (`id`,`season_id`,`episode_nr`,`name`) VALUES (32,4,2,'Der Löwe und die Rose');
INSERT INTO `episode` (`id`,`season_id`,`episode_nr`,`name`) VALUES (33,4,3,'Sprengerin der Ketten');
INSERT INTO `episode` (`id`,`season_id`,`episode_nr`,`name`) VALUES (34,4,4,'Eidwahrer');
INSERT INTO `episode` (`id`,`season_id`,`episode_nr`,`name`) VALUES (35,4,5,'Der Erste seines Namens');
INSERT INTO `episode` (`id`,`season_id`,`episode_nr`,`name`) VALUES (36,4,6,'Die Gesetze von Göttern und Menschen);');
INSERT INTO `episode` (`id`,`season_id`,`episode_nr`,`name`) VALUES (37,4,7,'Die Spottdrossel');
INSERT INTO `episode` (`id`,`season_id`,`episode_nr`,`name`) VALUES (38,4,8,'Der Berg und die Viper');
INSERT INTO `episode` (`id`,`season_id`,`episode_nr`,`name`) VALUES (39,4,9,'Die Wächter auf der Mauer');
INSERT INTO `episode` (`id`,`season_id`,`episode_nr`,`name`) VALUES (40,4,10,'Die Kinder');
-- Game of Thrones, Staffel 5
INSERT INTO `episode` (`id`,`season_id`,`episode_nr`,`name`) VALUES (41,5,1,'Die Kriege, die da kommen');
INSERT INTO `episode` (`id`,`season_id`,`episode_nr`,`name`) VALUES (42,5,2,'Das Haus von Schwarz und Weiß');
INSERT INTO `episode` (`id`,`season_id`,`episode_nr`,`name`) VALUES (43,5,3,'Der Hohe Spatz');
INSERT INTO `episode` (`id`,`season_id`,`episode_nr`,`name`) VALUES (44,5,4,'Die Söhne der Harpyie');
INSERT INTO `episode` (`id`,`season_id`,`episode_nr`,`name`) VALUES (45,5,5,'Töte den Jungen');
INSERT INTO `episode` (`id`,`season_id`,`episode_nr`,`name`) VALUES (46,5,6,'Ungebeugt, Ungezähmt, Ungebrochen');
INSERT INTO `episode` (`id`,`season_id`,`episode_nr`,`name`) VALUES (47,5,7,'Das Geschenk');
INSERT INTO `episode` (`id`,`season_id`,`episode_nr`,`name`) VALUES (48,5,8,'Hartheim');
INSERT INTO `episode` (`id`,`season_id`,`episode_nr`,`name`) VALUES (49,5,9,'Der Tanz der Drachen');
INSERT INTO `episode` (`id`,`season_id`,`episode_nr`,`name`) VALUES (50,5,10,'Die Gnade der Mutter');
-- Game of Thrones, Staffel 6
INSERT INTO `episode` (`id`,`season_id`,`episode_nr`,`name`) VALUES (51,6,1,'Die Rote Frau');
INSERT INTO `episode` (`id`,`season_id`,`episode_nr`,`name`) VALUES (52,6,2,'Zuhause');
INSERT INTO `episode` (`id`,`season_id`,`episode_nr`,`name`) VALUES (53,6,3,'Eidbrecher');
INSERT INTO `episode` (`id`,`season_id`,`episode_nr`,`name`) VALUES (54,6,4,'Das Buch des Fremden');
INSERT INTO `episode` (`id`,`season_id`,`episode_nr`,`name`) VALUES (55,6,5,'Das Tor');
INSERT INTO `episode` (`id`,`season_id`,`episode_nr`,`name`) VALUES (56,6,6,'Blut von meinem Blut');
INSERT INTO `episode` (`id`,`season_id`,`episode_nr`,`name`) VALUES (57,6,7,'Der Gebrochene');
INSERT INTO `episode` (`id`,`season_id`,`episode_nr`,`name`) VALUES (58,6,8,'Niemand');
INSERT INTO `episode` (`id`,`season_id`,`episode_nr`,`name`) VALUES (59,6,9,'Die Schlacht der Bastarde');
INSERT INTO `episode` (`id`,`season_id`,`episode_nr`,`name`) VALUES (60,6,10,'Die Winde des Winters');
-- Game of Thrones, Staffel 7
INSERT INTO `episode` (`id`,`season_id`,`episode_nr`,`name`) VALUES (61,7,1,'Drachenstein');
INSERT INTO `episode` (`id`,`season_id`,`episode_nr`,`name`) VALUES (62,7,2,'Sturmtochter');
INSERT INTO `episode` (`id`,`season_id`,`episode_nr`,`name`) VALUES (63,7,3,'Die Gerechtigkeit der Königin');
INSERT INTO `episode` (`id`,`season_id`,`episode_nr`,`name`) VALUES (64,7,4,'Kriegsbeute');
INSERT INTO `episode` (`id`,`season_id`,`episode_nr`,`name`) VALUES (65,7,5,'Ostwacht');
INSERT INTO `episode` (`id`,`season_id`,`episode_nr`,`name`) VALUES (66,7,6,'Jenseits der Mauer');
INSERT INTO `episode` (`id`,`season_id`,`episode_nr`,`name`) VALUES (67,7,7,'Der Drache und der Wolf');
-- Game of Thrones, Staffel 8
INSERT INTO `episode` (`id`,`season_id`,`episode_nr`,`name`) VALUES (68,8,1,'Winterfell');
INSERT INTO `episode` (`id`,`season_id`,`episode_nr`,`name`) VALUES (69,8,2,'Ein Ritter der sieben Königslande');
INSERT INTO `episode` (`id`,`season_id`,`episode_nr`,`name`) VALUES (70,8,3,'Die Lange Nacht');
INSERT INTO `episode` (`id`,`season_id`,`episode_nr`,`name`) VALUES (71,8,4,'Die Letzten der Starks');
INSERT INTO `episode` (`id`,`season_id`,`episode_nr`,`name`) VALUES (72,8,5,'Die Glocken');
INSERT INTO `episode` (`id`,`season_id`,`episode_nr`,`name`) VALUES (73,8,6,'Der Eiserne Thron');
-- Blindspot, Staffel 1-4
INSERT INTO `episode` (`id`,`season_id`,`episode_nr`,`name`) VALUES (74,9,1,'Wer ist Jane Doe?');
INSERT INTO `episode` (`id`,`season_id`,`episode_nr`,`name`) VALUES (75,9,2,'Die Farben im Nacken');
INSERT INTO `episode` (`id`,`season_id`,`episode_nr`,`name`) VALUES (76,9,3,'Vertraue niemandem');
INSERT INTO `episode` (`id`,`season_id`,`episode_nr`,`name`) VALUES (77,9,4,'Zweifel');
INSERT INTO `episode` (`id`,`season_id`,`episode_nr`,`name`) VALUES (78,9,5,'Radioaktiv');
INSERT INTO `episode` (`id`,`season_id`,`episode_nr`,`name`) VALUES (79,9,6,'Die Eule');
INSERT INTO `episode` (`id`,`season_id`,`episode_nr`,`name`) VALUES (80,9,7,'Saul Guerrero');
INSERT INTO `episode` (`id`,`season_id`,`episode_nr`,`name`) VALUES (81,9,8,'Daylight');
INSERT INTO `episode` (`id`,`season_id`,`episode_nr`,`name`) VALUES (82,9,9,'Rich Dotcom');
INSERT INTO `episode` (`id`,`season_id`,`episode_nr`,`name`) VALUES (83,9,10,'Die Mission');
INSERT INTO `episode` (`id`,`season_id`,`episode_nr`,`name`) VALUES (84,9,11,'Flug PA 921');
INSERT INTO `episode` (`id`,`season_id`,`episode_nr`,`name`) VALUES (85,9,12,'ZIP');
INSERT INTO `episode` (`id`,`season_id`,`episode_nr`,`name`) VALUES (86,9,13,'Verdächtigungen');
INSERT INTO `episode` (`id`,`season_id`,`episode_nr`,`name`) VALUES (87,9,14,'Nur 36 Stunden');
INSERT INTO `episode` (`id`,`season_id`,`episode_nr`,`name`) VALUES (88,9,15,'Die brennende Rose');
INSERT INTO `episode` (`id`,`season_id`,`episode_nr`,`name`) VALUES (89,9,16,'Alte Liebe');
INSERT INTO `episode` (`id`,`season_id`,`episode_nr`,`name`) VALUES (90,9,17,'Schatzsuche');
INSERT INTO `episode` (`id`,`season_id`,`episode_nr`,`name`) VALUES (91,9,18,'Meisterdiebe');
INSERT INTO `episode` (`id`,`season_id`,`episode_nr`,`name`) VALUES (92,9,19,'Vier Blickwinkel');
INSERT INTO `episode` (`id`,`season_id`,`episode_nr`,`name`) VALUES (93,9,20,'Gezeichnet');
INSERT INTO `episode` (`id`,`season_id`,`episode_nr`,`name`) VALUES (94,9,21,'Eingeschlossen');
INSERT INTO `episode` (`id`,`season_id`,`episode_nr`,`name`) VALUES (95,9,22,'Phase Eins');
INSERT INTO `episode` (`id`,`season_id`,`episode_nr`,`name`) VALUES (96,9,23,'Phönix aus der Asche');
INSERT INTO `episode` (`id`,`season_id`,`episode_nr`,`name`) VALUES (97,10,1,'Sandsturm');
INSERT INTO `episode` (`id`,`season_id`,`episode_nr`,`name`) VALUES (98,10,2,'Eine Art Familie');
INSERT INTO `episode` (`id`,`season_id`,`episode_nr`,`name`) VALUES (99,10,3,'Killerinstinkt');
INSERT INTO `episode` (`id`,`season_id`,`episode_nr`,`name`) VALUES (100,10,4,'Aurora');
INSERT INTO `episode` (`id`,`season_id`,`episode_nr`,`name`) VALUES (101,10,5,'Hinterhalt');
INSERT INTO `episode` (`id`,`season_id`,`episode_nr`,`name`) VALUES (102,10,6,'Der Whistleblower');
INSERT INTO `episode` (`id`,`season_id`,`episode_nr`,`name`) VALUES (103,10,7,'Auf der sicheren Seite');
INSERT INTO `episode` (`id`,`season_id`,`episode_nr`,`name`) VALUES (104,10,8,'Spurlos verschwunden');
INSERT INTO `episode` (`id`,`season_id`,`episode_nr`,`name`) VALUES (105,10,9,'Phase zwei');
INSERT INTO `episode` (`id`,`season_id`,`episode_nr`,`name`) VALUES (106,10,10,'Gefangen');
INSERT INTO `episode` (`id`,`season_id`,`episode_nr`,`name`) VALUES (107,10,11,'Der Leopard');
INSERT INTO `episode` (`id`,`season_id`,`episode_nr`,`name`) VALUES (108,10,12,'Kalkuliertes Risiko');
INSERT INTO `episode` (`id`,`season_id`,`episode_nr`,`name`) VALUES (109,10,13,'Shepherd');
INSERT INTO `episode` (`id`,`season_id`,`episode_nr`,`name`) VALUES (110,10,14,'Dädalus');
INSERT INTO `episode` (`id`,`season_id`,`episode_nr`,`name`) VALUES (111,10,15,'Bewährungsprobe');
INSERT INTO `episode` (`id`,`season_id`,`episode_nr`,`name`) VALUES (112,10,16,'Abgehängt');
INSERT INTO `episode` (`id`,`season_id`,`episode_nr`,`name`) VALUES (113,10,17,'Magnus Steele');
INSERT INTO `episode` (`id`,`season_id`,`episode_nr`,`name`) VALUES (114,10,18,'Angeschlagen');
INSERT INTO `episode` (`id`,`season_id`,`episode_nr`,`name`) VALUES (115,10,19,'Bangkok');
INSERT INTO `episode` (`id`,`season_id`,`episode_nr`,`name`) VALUES (116,10,20,'Vertrauensbruch');
INSERT INTO `episode` (`id`,`season_id`,`episode_nr`,`name`) VALUES (117,10,21,'Der Durchbruch');
INSERT INTO `episode` (`id`,`season_id`,`episode_nr`,`name`) VALUES (118,10,22,'Janes Entscheidung');
INSERT INTO `episode` (`id`,`season_id`,`episode_nr`,`name`) VALUES (119,11,1,'Alles auf Anfang');
INSERT INTO `episode` (`id`,`season_id`,`episode_nr`,`name`) VALUES (120,11,2,'Verunsichert');
INSERT INTO `episode` (`id`,`season_id`,`episode_nr`,`name`) VALUES (121,11,3,'Die drei blinden Mäuse');
INSERT INTO `episode` (`id`,`season_id`,`episode_nr`,`name`) VALUES (122,11,4,'Moskito');
INSERT INTO `episode` (`id`,`season_id`,`episode_nr`,`name`) VALUES (123,11,5,'Beweisstücke');
INSERT INTO `episode` (`id`,`season_id`,`episode_nr`,`name`) VALUES (124,11,6,'Und Action!');
INSERT INTO `episode` (`id`,`season_id`,`episode_nr`,`name`) VALUES (125,11,7,'Van Gogh');
INSERT INTO `episode` (`id`,`season_id`,`episode_nr`,`name`) VALUES (126,11,8,'Die Ausstiegsstrategie');
INSERT INTO `episode` (`id`,`season_id`,`episode_nr`,`name`) VALUES (127,11,9,'Am Boden zerstört');
INSERT INTO `episode` (`id`,`season_id`,`episode_nr`,`name`) VALUES (128,11,10,'In der Falle');
INSERT INTO `episode` (`id`,`season_id`,`episode_nr`,`name`) VALUES (129,11,11,'Ausgesperrt');
INSERT INTO `episode` (`id`,`season_id`,`episode_nr`,`name`) VALUES (130,11,12,'Puzzleteile');
INSERT INTO `episode` (`id`,`season_id`,`episode_nr`,`name`) VALUES (131,11,13,'In falschen Händen');
INSERT INTO `episode` (`id`,`season_id`,`episode_nr`,`name`) VALUES (132,11,14,'Unendlich');
INSERT INTO `episode` (`id`,`season_id`,`episode_nr`,`name`) VALUES (133,11,15,'Hintergangen');
INSERT INTO `episode` (`id`,`season_id`,`episode_nr`,`name`) VALUES (134,11,16,'Dragonfly164');
INSERT INTO `episode` (`id`,`season_id`,`episode_nr`,`name`) VALUES (135,11,17,'Die Schlange');
INSERT INTO `episode` (`id`,`season_id`,`episode_nr`,`name`) VALUES (136,11,18,'Diskret und tödlich');
INSERT INTO `episode` (`id`,`season_id`,`episode_nr`,`name`) VALUES (137,11,19,'Vertrauter Feind');
INSERT INTO `episode` (`id`,`season_id`,`episode_nr`,`name`) VALUES (138,11,20,'Charon');
INSERT INTO `episode` (`id`,`season_id`,`episode_nr`,`name`) VALUES (139,11,21,'Der nächste Zug');
INSERT INTO `episode` (`id`,`season_id`,`episode_nr`,`name`) VALUES (140,11,22,'Alles oder nichts');
INSERT INTO `episode` (`id`,`season_id`,`episode_nr`,`name`) VALUES (141,12,1,'Allein');
INSERT INTO `episode` (`id`,`season_id`,`episode_nr`,`name`) VALUES (142,12,2,'Die Weltkarte');
INSERT INTO `episode` (`id`,`season_id`,`episode_nr`,`name`) VALUES (143,12,3,'Das Michelangelo-Tattoo');
INSERT INTO `episode` (`id`,`season_id`,`episode_nr`,`name`) VALUES (144,12,4,'Isolation');
INSERT INTO `episode` (`id`,`season_id`,`episode_nr`,`name`) VALUES (145,12,5,'Die Macht der Schatten');
INSERT INTO `episode` (`id`,`season_id`,`episode_nr`,`name`) VALUES (146,12,6,'Der Wolf und die Schlange');
INSERT INTO `episode` (`id`,`season_id`,`episode_nr`,`name`) VALUES (147,12,7,'In guten und in schlechten Zeiten');
INSERT INTO `episode` (`id`,`season_id`,`episode_nr`,`name`) VALUES (148,12,8,'Auf Abwegen');
INSERT INTO `episode` (`id`,`season_id`,`episode_nr`,`name`) VALUES (149,12,9,'Jane oder Remi');
INSERT INTO `episode` (`id`,`season_id`,`episode_nr`,`name`) VALUES (150,12,10,'Hoffnungsschimmer');
INSERT INTO `episode` (`id`,`season_id`,`episode_nr`,`name`) VALUES (151,12,11,'Das Manuskript');
INSERT INTO `episode` (`id`,`season_id`,`episode_nr`,`name`) VALUES (152,12,12,'Patterson Jones');
INSERT INTO `episode` (`id`,`season_id`,`episode_nr`,`name`) VALUES (153,12,13,'Del Toro');
INSERT INTO `episode` (`id`,`season_id`,`episode_nr`,`name`) VALUES (154,12,14,'Romulus und Remus');
INSERT INTO `episode` (`id`,`season_id`,`episode_nr`,`name`) VALUES (155,12,15,'Mission: Impossible');
INSERT INTO `episode` (`id`,`season_id`,`episode_nr`,`name`) VALUES (156,12,16,'Der schlimmste Feind');
INSERT INTO `episode` (`id`,`season_id`,`episode_nr`,`name`) VALUES (157,12,17,'Der Deal');
INSERT INTO `episode` (`id`,`season_id`,`episode_nr`,`name`) VALUES (158,12,18,'Familie');
INSERT INTO `episode` (`id`,`season_id`,`episode_nr`,`name`) VALUES (159,12,19,'Dämonen der Vergangenheit');
INSERT INTO `episode` (`id`,`season_id`,`episode_nr`,`name`) VALUES (160,12,20,'Rache!');
INSERT INTO `episode` (`id`,`season_id`,`episode_nr`,`name`) VALUES (161,12,21,'Helios');
INSERT INTO `episode` (`id`,`season_id`,`episode_nr`,`name`) VALUES (162,12,22,'Unter Druck');
-- Mr. Robot, Staffel 1-3
INSERT INTO `episode` (`id`,`season_id`,`episode_nr`,`name`) VALUES (163,13,1,'Hellofriend.mov');
INSERT INTO `episode` (`id`,`season_id`,`episode_nr`,`name`) VALUES (164,13,2,'Ones-and-zer0es.mpeg');
INSERT INTO `episode` (`id`,`season_id`,`episode_nr`,`name`) VALUES (165,13,3,'D3bug.mkv');
INSERT INTO `episode` (`id`,`season_id`,`episode_nr`,`name`) VALUES (166,13,4,'Da3m0ns.mp4');
INSERT INTO `episode` (`id`,`season_id`,`episode_nr`,`name`) VALUES (167,13,5,'3xpl0its.wmv');
INSERT INTO `episode` (`id`,`season_id`,`episode_nr`,`name`) VALUES (168,13,6,'Br4ve-trave1er.asf');
INSERT INTO `episode` (`id`,`season_id`,`episode_nr`,`name`) VALUES (169,13,7,'V1ew-s0urce.flv');
INSERT INTO `episode` (`id`,`season_id`,`episode_nr`,`name`) VALUES (170,13,8,'Wh1ter0se.m4v');
INSERT INTO `episode` (`id`,`season_id`,`episode_nr`,`name`) VALUES (171,13,9,'M1rr0r1ng.qt');
INSERT INTO `episode` (`id`,`season_id`,`episode_nr`,`name`) VALUES (172,13,10,'Zer0-day.avi');
INSERT INTO `episode` (`id`,`season_id`,`episode_nr`,`name`) VALUES (173,14,1,'unm4sk-pt1.tc');
INSERT INTO `episode` (`id`,`season_id`,`episode_nr`,`name`) VALUES (174,14,2,'unm4sk-pt2.tc');
INSERT INTO `episode` (`id`,`season_id`,`episode_nr`,`name`) VALUES (175,14,3,'k3rnel-pan1c.ksd');
INSERT INTO `episode` (`id`,`season_id`,`episode_nr`,`name`) VALUES (176,14,4,'init1.asec');
INSERT INTO `episode` (`id`,`season_id`,`episode_nr`,`name`) VALUES (177,14,5,'logic-b0mb.hc');
INSERT INTO `episode` (`id`,`season_id`,`episode_nr`,`name`) VALUES (178,14,6,'m4ster-s1ave.aes');
INSERT INTO `episode` (`id`,`season_id`,`episode_nr`,`name`) VALUES (179,14,7,'h4ndshake.sme');
INSERT INTO `episode` (`id`,`season_id`,`episode_nr`,`name`) VALUES (180,14,8,'succ3ss0r.p12');
INSERT INTO `episode` (`id`,`season_id`,`episode_nr`,`name`) VALUES (181,14,9,'init5.fve');
INSERT INTO `episode` (`id`,`season_id`,`episode_nr`,`name`) VALUES (182,14,10,'h1dden-pr0cess.axx');
INSERT INTO `episode` (`id`,`season_id`,`episode_nr`,`name`) VALUES (183,14,11,'pyth0n-pt1.p7z');
INSERT INTO `episode` (`id`,`season_id`,`episode_nr`,`name`) VALUES (184,14,12,'pyth0n-pt2.p7z');
INSERT INTO `episode` (`id`,`season_id`,`episode_nr`,`name`) VALUES (185,15,1,'power-saver-mode.h');
INSERT INTO `episode` (`id`,`season_id`,`episode_nr`,`name`) VALUES (186,15,2,'undo.gz');
INSERT INTO `episode` (`id`,`season_id`,`episode_nr`,`name`) VALUES (187,15,3,'legacy.so');
INSERT INTO `episode` (`id`,`season_id`,`episode_nr`,`name`) VALUES (188,15,4,'metadata.par2');
INSERT INTO `episode` (`id`,`season_id`,`episode_nr`,`name`) VALUES (189,15,5,'runtime-err0r.r00');
INSERT INTO `episode` (`id`,`season_id`,`episode_nr`,`name`) VALUES (190,15,6,'kill-process.inc');
INSERT INTO `episode` (`id`,`season_id`,`episode_nr`,`name`) VALUES (191,15,7,'fredrick+tanya.chk');
INSERT INTO `episode` (`id`,`season_id`,`episode_nr`,`name`) VALUES (192,15,8,'dont-delete-me.ko');
INSERT INTO `episode` (`id`,`season_id`,`episode_nr`,`name`) VALUES (193,15,9,'stage3.torrent');
INSERT INTO `episode` (`id`,`season_id`,`episode_nr`,`name`) VALUES (194,15,10,'shutdown -r');
-- Outlander, Staffel 1-4
INSERT INTO `episode` (`id`,`season_id`,`episode_nr`,`name`) VALUES (195,16,1,'Sassenach');
INSERT INTO `episode` (`id`,`season_id`,`episode_nr`,`name`) VALUES (196,16,2,'Burg Leoch');
INSERT INTO `episode` (`id`,`season_id`,`episode_nr`,`name`) VALUES (197,16,3,'Der Weg zurück');
INSERT INTO `episode` (`id`,`season_id`,`episode_nr`,`name`) VALUES (198,16,4,'Die Jagd');
INSERT INTO `episode` (`id`,`season_id`,`episode_nr`,`name`) VALUES (199,16,5,'Tribut');
INSERT INTO `episode` (`id`,`season_id`,`episode_nr`,`name`) VALUES (200,16,6,'Black Jack');
INSERT INTO `episode` (`id`,`season_id`,`episode_nr`,`name`) VALUES (201,16,7,'Die Hochzeit');
INSERT INTO `episode` (`id`,`season_id`,`episode_nr`,`name`) VALUES (202,16,8,'Im Steinkreis');
INSERT INTO `episode` (`id`,`season_id`,`episode_nr`,`name`) VALUES (203,16,9,'Die Abrechnung');
INSERT INTO `episode` (`id`,`season_id`,`episode_nr`,`name`) VALUES (204,16,10,'Tödliche Intrige');
INSERT INTO `episode` (`id`,`season_id`,`episode_nr`,`name`) VALUES (205,16,11,'Hexenprozess');
INSERT INTO `episode` (`id`,`season_id`,`episode_nr`,`name`) VALUES (206,16,12,'Lallybroch');
INSERT INTO `episode` (`id`,`season_id`,`episode_nr`,`name`) VALUES (207,16,13,'Die Wacht');
INSERT INTO `episode` (`id`,`season_id`,`episode_nr`,`name`) VALUES (208,16,14,'Die Suche');
INSERT INTO `episode` (`id`,`season_id`,`episode_nr`,`name`) VALUES (209,16,15,'Im Kerker');
INSERT INTO `episode` (`id`,`season_id`,`episode_nr`,`name`) VALUES (210,16,16,'Erlösung');
INSERT INTO `episode` (`id`,`season_id`,`episode_nr`,`name`) VALUES (211,17,1,'Reise ins Ungewisse');
INSERT INTO `episode` (`id`,`season_id`,`episode_nr`,`name`) VALUES (212,17,2,'Fern der Heimat Schottland');
INSERT INTO `episode` (`id`,`season_id`,`episode_nr`,`name`) VALUES (213,17,3,'Täuschungen und Rätsel');
INSERT INTO `episode` (`id`,`season_id`,`episode_nr`,`name`) VALUES (214,17,4,'La Dame Blanche');
INSERT INTO `episode` (`id`,`season_id`,`episode_nr`,`name`) VALUES (215,17,5,'Neues Bündnis, alte Feinde');
INSERT INTO `episode` (`id`,`season_id`,`episode_nr`,`name`) VALUES (216,17,6,'Das Versprechen');
INSERT INTO `episode` (`id`,`season_id`,`episode_nr`,`name`) VALUES (217,17,7,'Der Preis der Freiheit');
INSERT INTO `episode` (`id`,`season_id`,`episode_nr`,`name`) VALUES (218,17,8,'Im Fuchsbau');
INSERT INTO `episode` (`id`,`season_id`,`episode_nr`,`name`) VALUES (219,17,9,'Bereit zum Kampf');
INSERT INTO `episode` (`id`,`season_id`,`episode_nr`,`name`) VALUES (220,17,10,'Schlachtplan');
INSERT INTO `episode` (`id`,`season_id`,`episode_nr`,`name`) VALUES (221,17,11,'Rache');
INSERT INTO `episode` (`id`,`season_id`,`episode_nr`,`name`) VALUES (222,17,12,'Schmerz');
INSERT INTO `episode` (`id`,`season_id`,`episode_nr`,`name`) VALUES (223,17,13,'Die geliehene Zeit');
INSERT INTO `episode` (`id`,`season_id`,`episode_nr`,`name`) VALUES (224,18,1,'Nach der Schlacht');
INSERT INTO `episode` (`id`,`season_id`,`episode_nr`,`name`) VALUES (225,18,2,'Sechs Jahre');
INSERT INTO `episode` (`id`,`season_id`,`episode_nr`,`name`) VALUES (226,18,3,'Ehrenschuld');
INSERT INTO `episode` (`id`,`season_id`,`episode_nr`,`name`) VALUES (227,18,4,'Verlust');
INSERT INTO `episode` (`id`,`season_id`,`episode_nr`,`name`) VALUES (228,18,5,'Der Entschluss');
INSERT INTO `episode` (`id`,`season_id`,`episode_nr`,`name`) VALUES (229,18,6,'Die Rückkehr');
INSERT INTO `episode` (`id`,`season_id`,`episode_nr`,`name`) VALUES (230,18,7,'Die Seherin');
INSERT INTO `episode` (`id`,`season_id`,`episode_nr`,`name`) VALUES (231,18,8,'Die Forderung');
INSERT INTO `episode` (`id`,`season_id`,`episode_nr`,`name`) VALUES (232,18,9,'Die Flaute');
INSERT INTO `episode` (`id`,`season_id`,`episode_nr`,`name`) VALUES (233,18,10,'Der Köder');
INSERT INTO `episode` (`id`,`season_id`,`episode_nr`,`name`) VALUES (234,18,11,'Die Zuflucht');
INSERT INTO `episode` (`id`,`season_id`,`episode_nr`,`name`) VALUES (235,18,12,'Die Bakra');
INSERT INTO `episode` (`id`,`season_id`,`episode_nr`,`name`) VALUES (236,18,13,'Im Auge des Sturms');
INSERT INTO `episode` (`id`,`season_id`,`episode_nr`,`name`) VALUES (237,19,1,'Die neue Welt');
INSERT INTO `episode` (`id`,`season_id`,`episode_nr`,`name`) VALUES (238,19,2,'Versklavt');
INSERT INTO `episode` (`id`,`season_id`,`episode_nr`,`name`) VALUES (239,19,3,'Die falsche Braut');
INSERT INTO `episode` (`id`,`season_id`,`episode_nr`,`name`) VALUES (240,19,4,'Geteiltes Land');
INSERT INTO `episode` (`id`,`season_id`,`episode_nr`,`name`) VALUES (241,19,5,'Flüchtiges Glück');
INSERT INTO `episode` (`id`,`season_id`,`episode_nr`,`name`) VALUES (242,19,6,'Blutsbande');
INSERT INTO `episode` (`id`,`season_id`,`episode_nr`,`name`) VALUES (243,19,7,'Hartes Regiment');
INSERT INTO `episode` (`id`,`season_id`,`episode_nr`,`name`) VALUES (244,19,8,'Wilmington');
INSERT INTO `episode` (`id`,`season_id`,`episode_nr`,`name`) VALUES (245,19,9,'Familie');
INSERT INTO `episode` (`id`,`season_id`,`episode_nr`,`name`) VALUES (246,19,10,'Getrennte Wege');
INSERT INTO `episode` (`id`,`season_id`,`episode_nr`,`name`) VALUES (247,19,11,'Spannungen');
INSERT INTO `episode` (`id`,`season_id`,`episode_nr`,`name`) VALUES (248,19,12,'Flucht');
INSERT INTO `episode` (`id`,`season_id`,`episode_nr`,`name`) VALUES (249,19,13,'Ein Mann der Ehre');
-- The Witcher, Staffel 1
INSERT INTO `episode` (`id`,`season_id`,`episode_nr`,`name`) VALUES (250,20,1,'Des Endes Anfang');
INSERT INTO `episode` (`id`,`season_id`,`episode_nr`,`name`) VALUES (251,20,2,'Vier Mark');
INSERT INTO `episode` (`id`,`season_id`,`episode_nr`,`name`) VALUES (252,20,3,'Verrätermond');
INSERT INTO `episode` (`id`,`season_id`,`episode_nr`,`name`) VALUES (253,20,4,'Bankette, Bastarde und Begräbnisse');
INSERT INTO `episode` (`id`,`season_id`,`episode_nr`,`name`) VALUES (254,20,5,'Aufgestaute Begehren');
INSERT INTO `episode` (`id`,`season_id`,`episode_nr`,`name`) VALUES (255,20,6,'Seltene Arten');
INSERT INTO `episode` (`id`,`season_id`,`episode_nr`,`name`) VALUES (256,20,7,'Vor dem Fall');
INSERT INTO `episode` (`id`,`season_id`,`episode_nr`,`name`) VALUES (257,20,8,'Viel mehr');
-- The Walking Dead, Staffel 1 - 10

INSERT INTO `episode` (`id`,`season_id`,`episode_nr`,`name`) VALUES (259,21,1,'Gute alte Zeit');
INSERT INTO `episode` (`id`,`season_id`,`episode_nr`,`name`) VALUES (260,21,2,'Gefangene der Toten');
INSERT INTO `episode` (`id`,`season_id`,`episode_nr`,`name`) VALUES (261,21,3,'Tag der Frösche');
INSERT INTO `episode` (`id`,`season_id`,`episode_nr`,`name`) VALUES (262,21,4,'Vatos');
INSERT INTO `episode` (`id`,`season_id`,`episode_nr`,`name`) VALUES (263,21,5,'Tag 194');
INSERT INTO `episode` (`id`,`season_id`,`episode_nr`,`name`) VALUES (264,21,6,'Nichts mehr');
INSERT INTO `episode` (`id`,`season_id`,`episode_nr`,`name`) VALUES (265,22,1,'Zukunft im Rückspiegel');
INSERT INTO `episode` (`id`,`season_id`,`episode_nr`,`name`) VALUES (266,22,2,'Blutsbande');
INSERT INTO `episode` (`id`,`season_id`,`episode_nr`,`name`) VALUES (267,22,3,'Die letzte Kugel');
INSERT INTO `episode` (`id`,`season_id`,`episode_nr`,`name`) VALUES (268,22,4,'Die Cherokee Rose');
INSERT INTO `episode` (`id`,`season_id`,`episode_nr`,`name`) VALUES (269,22,5,'Chupacabra');
INSERT INTO `episode` (`id`,`season_id`,`episode_nr`,`name`) VALUES (270,22,6,'Beichten');
INSERT INTO `episode` (`id`,`season_id`,`episode_nr`,`name`) VALUES (271,22,7,'Tot oder lebendig');
INSERT INTO `episode` (`id`,`season_id`,`episode_nr`,`name`) VALUES (272,22,8,'Nebraska');
INSERT INTO `episode` (`id`,`season_id`,`episode_nr`,`name`) VALUES (273,22,9,'Am Abzug');
INSERT INTO `episode` (`id`,`season_id`,`episode_nr`,`name`) VALUES (274,22,10,'Ausgesetzt');
INSERT INTO `episode` (`id`,`season_id`,`episode_nr`,`name`) VALUES (275,22,11,'Sorry, Bruder!');
INSERT INTO `episode` (`id`,`season_id`,`episode_nr`,`name`) VALUES (276,22,12,'Die besseren Engel unserer Natur');
INSERT INTO `episode` (`id`,`season_id`,`episode_nr`,`name`) VALUES (277,22,13,'Die Mahd');
INSERT INTO `episode` (`id`,`season_id`,`episode_nr`,`name`) VALUES (278,23,1,'Die Saat');
INSERT INTO `episode` (`id`,`season_id`,`episode_nr`,`name`) VALUES (279,23,2,'Rosskur');
INSERT INTO `episode` (`id`,`season_id`,`episode_nr`,`name`) VALUES (280,23,3,'Zeit der Ernte');
INSERT INTO `episode` (`id`,`season_id`,`episode_nr`,`name`) VALUES (281,23,4,'Leben und Tod');
INSERT INTO `episode` (`id`,`season_id`,`episode_nr`,`name`) VALUES (282,23,5,'Anruf');
INSERT INTO `episode` (`id`,`season_id`,`episode_nr`,`name`) VALUES (283,23,6,'Auf der Jagd');
INSERT INTO `episode` (`id`,`season_id`,`episode_nr`,`name`) VALUES (284,23,7,'Tod vor der Tür');
INSERT INTO `episode` (`id`,`season_id`,`episode_nr`,`name`) VALUES (285,23,8,'Siehe, Dein Bruder');
INSERT INTO `episode` (`id`,`season_id`,`episode_nr`,`name`) VALUES (286,23,9,'Kriegsrecht');
INSERT INTO `episode` (`id`,`season_id`,`episode_nr`,`name`) VALUES (287,23,10,'Zuflucht');
INSERT INTO `episode` (`id`,`season_id`,`episode_nr`,`name`) VALUES (288,23,11,'Judas');
INSERT INTO `episode` (`id`,`season_id`,`episode_nr`,`name`) VALUES (289,23,12,'Gesichter der Toten');
INSERT INTO `episode` (`id`,`season_id`,`episode_nr`,`name`) VALUES (290,23,13,'Das Ultimatum');
INSERT INTO `episode` (`id`,`season_id`,`episode_nr`,`name`) VALUES (291,23,14,'Der Fang');
INSERT INTO `episode` (`id`,`season_id`,`episode_nr`,`name`) VALUES (292,23,15,'Der Strick des Jägers');
INSERT INTO `episode` (`id`,`season_id`,`episode_nr`,`name`) VALUES (293,23,16,'Stirb und töte');
INSERT INTO `episode` (`id`,`season_id`,`episode_nr`,`name`) VALUES (294,24,1,'Kein Tag ohne Unglück');
INSERT INTO `episode` (`id`,`season_id`,`episode_nr`,`name`) VALUES (295,24,2,'Tod, überall Tod');
INSERT INTO `episode` (`id`,`season_id`,`episode_nr`,`name`) VALUES (296,24,3,'Quarantäne');
INSERT INTO `episode` (`id`,`season_id`,`episode_nr`,`name`) VALUES (297,24,4,'Im Zweifel');
INSERT INTO `episode` (`id`,`season_id`,`episode_nr`,`name`) VALUES (298,24,5,'Die Krankheit zum Tode');
INSERT INTO `episode` (`id`,`season_id`,`episode_nr`,`name`) VALUES (299,24,6,'Lebendköder');
INSERT INTO `episode` (`id`,`season_id`,`episode_nr`,`name`) VALUES (300,24,7,'Handicap');
INSERT INTO `episode` (`id`,`season_id`,`episode_nr`,`name`) VALUES (301,24,8,'Kein Zurück');
INSERT INTO `episode` (`id`,`season_id`,`episode_nr`,`name`) VALUES (302,24,9,'Für Dich');
INSERT INTO `episode` (`id`,`season_id`,`episode_nr`,`name`) VALUES (303,24,10,'Neben dem Gleis');
INSERT INTO `episode` (`id`,`season_id`,`episode_nr`,`name`) VALUES (304,24,11,'Besetzt');
INSERT INTO `episode` (`id`,`season_id`,`episode_nr`,`name`) VALUES (305,24,12,'Alkohol');
INSERT INTO `episode` (`id`,`season_id`,`episode_nr`,`name`) VALUES (306,24,13,'Allein');
INSERT INTO `episode` (`id`,`season_id`,`episode_nr`,`name`) VALUES (307,24,14,'Schonung');
INSERT INTO `episode` (`id`,`season_id`,`episode_nr`,`name`) VALUES (308,24,15,'Vereint');
INSERT INTO `episode` (`id`,`season_id`,`episode_nr`,`name`) VALUES (309,24,16,'Terminus');
INSERT INTO `episode` (`id`,`season_id`,`episode_nr`,`name`) VALUES (310,25,1,'Keine Zuflucht');
INSERT INTO `episode` (`id`,`season_id`,`episode_nr`,`name`) VALUES (311,25,2,'Gabriel');
INSERT INTO `episode` (`id`,`season_id`,`episode_nr`,`name`) VALUES (312,25,3,'Vier Wände und ein Dach');
INSERT INTO `episode` (`id`,`season_id`,`episode_nr`,`name`) VALUES (313,25,4,'Slabtown');
INSERT INTO `episode` (`id`,`season_id`,`episode_nr`,`name`) VALUES (314,25,5,'Selbsthilfe');
INSERT INTO `episode` (`id`,`season_id`,`episode_nr`,`name`) VALUES (315,25,6,'Verschwunden');
INSERT INTO `episode` (`id`,`season_id`,`episode_nr`,`name`) VALUES (316,25,7,'Zug um Zug');
INSERT INTO `episode` (`id`,`season_id`,`episode_nr`,`name`) VALUES (317,25,8,'Coda');
INSERT INTO `episode` (`id`,`season_id`,`episode_nr`,`name`) VALUES (318,25,9,'Der hohe Preis fürs Leben');
INSERT INTO `episode` (`id`,`season_id`,`episode_nr`,`name`) VALUES (319,25,10,'Lebende Tote');
INSERT INTO `episode` (`id`,`season_id`,`episode_nr`,`name`) VALUES (320,25,11,'Akrasia');
INSERT INTO `episode` (`id`,`season_id`,`episode_nr`,`name`) VALUES (321,25,12,'Erinnerung');
INSERT INTO `episode` (`id`,`season_id`,`episode_nr`,`name`) VALUES (322,25,13,'Vergessen');
INSERT INTO `episode` (`id`,`season_id`,`episode_nr`,`name`) VALUES (323,25,14,'Falsches Licht');
INSERT INTO `episode` (`id`,`season_id`,`episode_nr`,`name`) VALUES (324,25,15,'Helfer');
INSERT INTO `episode` (`id`,`season_id`,`episode_nr`,`name`) VALUES (325,25,16,'Herrsche');
INSERT INTO `episode` (`id`,`season_id`,`episode_nr`,`name`) VALUES (326,26,1,'Herdentrieb');
INSERT INTO `episode` (`id`,`season_id`,`episode_nr`,`name`) VALUES (327,26,2,'Kämpfer');
INSERT INTO `episode` (`id`,`season_id`,`episode_nr`,`name`) VALUES (328,26,3,'Danke');
INSERT INTO `episode` (`id`,`season_id`,`episode_nr`,`name`) VALUES (329,26,4,'Hier ist nicht hier');
INSERT INTO `episode` (`id`,`season_id`,`episode_nr`,`name`) VALUES (330,26,5,'Hier und Jetzt');
INSERT INTO `episode` (`id`,`season_id`,`episode_nr`,`name`) VALUES (331,26,6,'Wer die Wahl hat');
INSERT INTO `episode` (`id`,`season_id`,`episode_nr`,`name`) VALUES (332,26,7,'Die Wand');
INSERT INTO `episode` (`id`,`season_id`,`episode_nr`,`name`) VALUES (333,26,8,'Nicht das Ende');
INSERT INTO `episode` (`id`,`season_id`,`episode_nr`,`name`) VALUES (334,26,9,'In der Falle');
INSERT INTO `episode` (`id`,`season_id`,`episode_nr`,`name`) VALUES (335,26,10,'Die neue Welt');
INSERT INTO `episode` (`id`,`season_id`,`episode_nr`,`name`) VALUES (336,26,11,'Lösung');
INSERT INTO `episode` (`id`,`season_id`,`episode_nr`,`name`) VALUES (337,26,12,'Die Nacht vor dem Morgen');
INSERT INTO `episode` (`id`,`season_id`,`episode_nr`,`name`) VALUES (338,26,13,'Im selben Boot');
INSERT INTO `episode` (`id`,`season_id`,`episode_nr`,`name`) VALUES (339,26,14,'Keine Gleise');
INSERT INTO `episode` (`id`,`season_id`,`episode_nr`,`name`) VALUES (340,26,15,'Nach Osten');
INSERT INTO `episode` (`id`,`season_id`,`episode_nr`,`name`) VALUES (341,26,16,'Der letzte Tag auf Erden');
INSERT INTO `episode` (`id`,`season_id`,`episode_nr`,`name`) VALUES (342,27,1,'Der Tag wird kommen');
INSERT INTO `episode` (`id`,`season_id`,`episode_nr`,`name`) VALUES (343,27,2,'Der Brunnen');
INSERT INTO `episode` (`id`,`season_id`,`episode_nr`,`name`) VALUES (344,27,3,'Die Zelle');
INSERT INTO `episode` (`id`,`season_id`,`episode_nr`,`name`) VALUES (345,27,4,'Fron');
INSERT INTO `episode` (`id`,`season_id`,`episode_nr`,`name`) VALUES (346,27,5,'Draufgänger');
INSERT INTO `episode` (`id`,`season_id`,`episode_nr`,`name`) VALUES (347,27,6,'Der Schwur');
INSERT INTO `episode` (`id`,`season_id`,`episode_nr`,`name`) VALUES (348,27,7,'Sing mir ein Lied');
INSERT INTO `episode` (`id`,`season_id`,`episode_nr`,`name`) VALUES (349,27,8,'Unsere Herzen schlagen noch');
INSERT INTO `episode` (`id`,`season_id`,`episode_nr`,`name`) VALUES (350,27,9,'Der Stein in der Straße');
INSERT INTO `episode` (`id`,`season_id`,`episode_nr`,`name`) VALUES (351,27,10,'Neue beste Freunde');
INSERT INTO `episode` (`id`,`season_id`,`episode_nr`,`name`) VALUES (352,27,11,'Wir sind Negan');
INSERT INTO `episode` (`id`,`season_id`,`episode_nr`,`name`) VALUES (353,27,12,'Sag Ja');
INSERT INTO `episode` (`id`,`season_id`,`episode_nr`,`name`) VALUES (354,27,13,'Begrabt mich hier');
INSERT INTO `episode` (`id`,`season_id`,`episode_nr`,`name`) VALUES (355,27,14,'Auf die andere Seite');
INSERT INTO `episode` (`id`,`season_id`,`episode_nr`,`name`) VALUES (356,27,15,'Was wir brauchen');
INSERT INTO `episode` (`id`,`season_id`,`episode_nr`,`name`) VALUES (357,27,16,'Heute beginnt der Rest des Lebens');
INSERT INTO `episode` (`id`,`season_id`,`episode_nr`,`name`) VALUES (358,28,1,'Erster Kampf');
INSERT INTO `episode` (`id`,`season_id`,`episode_nr`,`name`) VALUES (359,28,2,'Die Verdammten');
INSERT INTO `episode` (`id`,`season_id`,`episode_nr`,`name`) VALUES (360,28,3,'Wir oder Die');
INSERT INTO `episode` (`id`,`season_id`,`episode_nr`,`name`) VALUES (361,28,4,'Nur irgendwer');
INSERT INTO `episode` (`id`,`season_id`,`episode_nr`,`name`) VALUES (362,28,5,'Die Beichte');
INSERT INTO `episode` (`id`,`season_id`,`episode_nr`,`name`) VALUES (363,28,6,'Der König, die Witwe und Rick');
INSERT INTO `episode` (`id`,`season_id`,`episode_nr`,`name`) VALUES (364,28,7,'Für Danach');
INSERT INTO `episode` (`id`,`season_id`,`episode_nr`,`name`) VALUES (365,28,8,'Kampf um die Zukunft');
INSERT INTO `episode` (`id`,`season_id`,`episode_nr`,`name`) VALUES (366,28,9,'Ehre');
INSERT INTO `episode` (`id`,`season_id`,`episode_nr`,`name`) VALUES (367,28,10,'Botschaften');
INSERT INTO `episode` (`id`,`season_id`,`episode_nr`,`name`) VALUES (368,28,11,'Flucht nach Hilltop');
INSERT INTO `episode` (`id`,`season_id`,`episode_nr`,`name`) VALUES (369,28,12,'Der Schlüssel zur Zukunft');
INSERT INTO `episode` (`id`,`season_id`,`episode_nr`,`name`) VALUES (370,28,13,'Der Weg der Toten');
INSERT INTO `episode` (`id`,`season_id`,`episode_nr`,`name`) VALUES (371,28,14,'Ich sterbe nicht');
INSERT INTO `episode` (`id`,`season_id`,`episode_nr`,`name`) VALUES (372,28,15,'Die rechte Hand');
INSERT INTO `episode` (`id`,`season_id`,`episode_nr`,`name`) VALUES (373,28,16,'Zorn');
INSERT INTO `episode` (`id`,`season_id`,`episode_nr`,`name`) VALUES (374,29,1,'Ein neuer Anfang');
INSERT INTO `episode` (`id`,`season_id`,`episode_nr`,`name`) VALUES (375,29,2,'Die Brücke');
INSERT INTO `episode` (`id`,`season_id`,`episode_nr`,`name`) VALUES (376,29,3,'Keine Ausnahmen');
INSERT INTO `episode` (`id`,`season_id`,`episode_nr`,`name`) VALUES (377,29,4,'Hungerstreik');
INSERT INTO `episode` (`id`,`season_id`,`episode_nr`,`name`) VALUES (378,29,5,'Wach auf');
INSERT INTO `episode` (`id`,`season_id`,`episode_nr`,`name`) VALUES (379,29,6,'Die Welt dreht sich weiter');
INSERT INTO `episode` (`id`,`season_id`,`episode_nr`,`name`) VALUES (380,29,7,'Stradivarius');
INSERT INTO `episode` (`id`,`season_id`,`episode_nr`,`name`) VALUES (381,29,8,'Geflüster');
INSERT INTO `episode` (`id`,`season_id`,`episode_nr`,`name`) VALUES (382,29,9,'Home Sweet Home');
INSERT INTO `episode` (`id`,`season_id`,`episode_nr`,`name`) VALUES (383,29,10,'Lydia');
INSERT INTO `episode` (`id`,`season_id`,`episode_nr`,`name`) VALUES (384,29,11,'Damit leben');
INSERT INTO `episode` (`id`,`season_id`,`episode_nr`,`name`) VALUES (385,29,12,'Anführer');
INSERT INTO `episode` (`id`,`season_id`,`episode_nr`,`name`) VALUES (386,29,13,'Engpass');
INSERT INTO `episode` (`id`,`season_id`,`episode_nr`,`name`) VALUES (387,29,14,'Narben');
INSERT INTO `episode` (`id`,`season_id`,`episode_nr`,`name`) VALUES (388,29,15,'Die Ruhe davor');
INSERT INTO `episode` (`id`,`season_id`,`episode_nr`,`name`) VALUES (389,29,16,'Der Sturm');
INSERT INTO `episode` (`id`,`season_id`,`episode_nr`,`name`) VALUES (390,30,1,'Überschrittene Grenzen');
INSERT INTO `episode` (`id`,`season_id`,`episode_nr`,`name`) VALUES (391,30,2,'Wir sind das Ende der Welt');
INSERT INTO `episode` (`id`,`season_id`,`episode_nr`,`name`) VALUES (392,30,3,'Geister');
INSERT INTO `episode` (`id`,`season_id`,`episode_nr`,`name`) VALUES (393,30,4,'Masken');
INSERT INTO `episode` (`id`,`season_id`,`episode_nr`,`name`) VALUES (394,30,5,'Diebstahl und Lügen');
INSERT INTO `episode` (`id`,`season_id`,`episode_nr`,`name`) VALUES (395,30,6,'Neue Verbindungen');
INSERT INTO `episode` (`id`,`season_id`,`episode_nr`,`name`) VALUES (396,30,7,'Mach die Augen auf');
INSERT INTO `episode` (`id`,`season_id`,`episode_nr`,`name`) VALUES (397,30,8,'Nichts ist wie zuvor');


--
-- Dumping data for table `FAQ`
--

LOCK TABLES `faq` WRITE;
INSERT INTO `faq` (`id`, `frage`, `antwort`) VALUES (1,'Frage 1', 'Antwort 1');
INSERT INTO `faq` (`id`, `frage`, `antwort`) VALUES (2,'Frage 2', 'Antwort 2');
INSERT INTO `faq` (`id`, `frage`, `antwort`) VALUES (3,'Frage 3', 'Antwort 3');
INSERT INTO `faq` (`id`, `frage`, `antwort`) VALUES (4,'Frage 4', 'Antwort 4');
INSERT INTO `faq` (`id`, `frage`, `antwort`) VALUES (5,'Frage 5', 'Antwort 5');
UNLOCK TABLES;
